Seconds,Waiting,InTransit, AverageWait
300,1804,219,3.999714
601,1497,533,11.13482
901,1369,665,18.67457
1201,1189,858,26.26806
1501,921,1126,33.97857
1802,682,1365,41.417
2102,608,1439,50.35497
2402,537,1510,59.08027
